{
  "project_info": {
    "project_number": "80921549163",
    "project_id": "eyediseases-f6e0a",
    "storage_bucket": "eyediseases-f6e0a.appspot.com"
  },
  "client": [
    {
      "client_info": {
        "mobilesdk_app_id": "1:80921549163:android:c137658868df30ae07142e",
        "android_client_info": {
          "package_name": "com.example.trial1"
        }
      },
      "oauth_client": [
        {
          "client_id": "80921549163-ondjp6gpgl31e88of5ehpu5gqm5t90g1.apps.googleusercontent.com",
          "client_type": 3
        }
      ],
      "api_key": [
        {
          "current_key": "AIzaSyADM2-3AYPc73bDcGSEqcfV-9utwLS7tnM"
        }
      ],
      "services": {
        "appinvite_service": {
          "other_platform_oauth_client": [
            {
              "client_id": "80921549163-ondjp6gpgl31e88of5ehpu5gqm5t90g1.apps.googleusercontent.com",
              "client_type": 3
            }
          ]
        }
      }
    }
  ],
  "configuration_version": "1"
}